order_id,order_date,customer_id,product_id,sales,quantity,profit,Profit Margin,Risk Level
695,26-11-2023,54,14,5774.21,5,-2000,-0.346367728,High Risk
258,15-09-2022,96,44,14894.18,6,-2000,-0.134280638,High Risk
985,11-09-2024,99,17,9566.38,10,-2000,-0.209065498,High Risk
633,25-09-2023,55,14,4300.05,9,-2000,-0.465110871,High Risk
984,10-09-2024,11,9,6644.8,6,-2000,-0.300987238,High Risk
513,28-05-2023,47,46,573.97,9,-2000,-3.484502674,High Risk
291,18-10-2022,95,15,14782.82,3,-2000,-0.135292184,High Risk
679,10-11-2023,46,25,929.61,13,-2000,-2.151439851,High Risk
737,07-01-2024,18,4,11812.72,7,-2000,-0.169309016,High Risk
263,20-09-2022,49,13,20000,1,-2000,-0.1,High Risk
499,14-05-2023,94,34,5474.04,3,-2000,-0.365360867,High Risk
196,15-07-2022,43,33,12903,14,-2000,-0.155002713,High Risk
831,10-04-2024,47,13,2099.56,2,-2000,-0.952580541,High Risk
696,27-11-2023,88,29,12950.97,14,-2000,-0.154428587,High Risk
493,08-05-2023,12,3,2173.11,1,-2000,-0.920339974,High Risk
114,24-04-2022,40,46,14832.2,8,-4333.37,-0.292159626,High Risk
723,24-12-2023,80,45,14464.1,9,-4251.03,-0.293902144,High Risk
66,07-03-2022,22,37,14510.71,1,-3812.12,-0.262710784,High Risk
588,11-08-2023,88,24,14343.71,4,-3646.64,-0.254232692,High Risk
348,14-12-2022,22,38,14074.61,1,-3640.36,-0.258647309,High Risk
929,17-07-2024,35,31,14199.34,11,-3625.1,-0.255300598,High Risk
643,05-10-2023,5,22,12552.41,11,-3568.37,-0.284277681,High Risk
310,06-11-2022,19,10,12285.75,7,-3465.91,-0.282108133,High Risk
764,03-02-2024,41,50,11685.03,5,-3464.05,-0.296451956,High Risk
182,01-07-2022,29,30,11811.46,12,-3422.69,-0.289777047,High Risk
448,24-03-2023,35,30,13845.02,1,-3414.32,-0.246609972,High Risk
8,08-01-2022,58,16,11354.49,6,-3394.3,-0.29893901,High Risk
763,02-02-2024,80,22,12864.66,3,-3360.23,-0.261198508,High Risk
299,26-10-2022,5,43,14919.62,11,-3213.91,-0.215415004,High Risk
155,04-06-2022,88,6,11274.73,14,-3173.73,-0.281490555,High Risk
591,14-08-2023,28,4,11795.42,11,-2990.15,-0.253500935,High Risk
573,27-07-2023,80,42,14016.29,14,-2965.48,-0.211573819,High Risk
756,26-01-2024,42,19,14570.96,5,-2957.31,-0.202959174,High Risk
146,26-05-2022,80,17,13327.55,13,-2951.2,-0.221436048,High Risk
744,14-01-2024,77,26,8728.01,11,-2945.76,-0.337506488,High Risk
748,18-01-2024,72,3,14611.63,4,-2870.52,-0.196454468,High Risk
636,28-09-2023,97,47,12307.74,12,-2824.92,-0.229523861,High Risk
873,22-05-2024,76,25,9670.82,4,-2760.48,-0.285444254,High Risk
548,02-07-2023,39,5,12250.19,9,-2741.74,-0.223812039,High Risk
759,29-01-2024,52,24,14180.36,12,-2715.01,-0.191462699,High Risk
222,10-08-2022,28,28,12224.37,7,-2700.28,-0.220893183,High Risk
468,13-04-2023,32,11,13163.04,8,-2677.68,-0.203424133,High Risk
238,26-08-2022,45,39,12103.96,5,-2661.79,-0.219910674,High Risk
498,13-05-2023,67,39,13333.1,1,-2651.58,-0.19887198,High Risk
230,18-08-2022,43,14,10504.67,12,-2646.83,-0.251966982,High Risk
544,28-06-2023,11,42,11983.16,5,-2590.52,-0.216180039,High Risk
152,01-06-2022,48,3,8728.01,9,-2559.42,-0.293242102,High Risk
704,05-12-2023,68,36,11442.78,1,-2486.64,-0.217310828,High Risk
75,16-03-2022,20,26,8392.85,9,-2486,-0.296204507,High Risk
441,17-03-2023,89,43,11081.52,6,-2482.38,-0.224010786,High Risk
661,23-10-2023,45,28,12999.77,8,-2469.97,-0.190001054,High Risk
449,25-03-2023,64,25,8399.51,7,-2450.53,-0.29174678,High Risk
786,25-02-2024,79,26,10035.38,2,-2444.34,-0.243572241,High Risk
445,21-03-2023,81,6,11684.64,13,-2439.93,-0.208815162,High Risk
58,27-02-2022,11,30,12290.71,8,-2429.1,-0.197637077,High Risk
341,07-12-2022,47,17,11128.77,1,-2423.57,-0.21777519,High Risk
854,03-05-2024,57,31,13633.46,14,-2419.93,-0.177499329,High Risk
308,04-11-2022,51,16,11346.11,9,-2409.97,-0.212404956,High Risk
400,04-02-2023,44,50,12887.95,13,-2382.01,-0.184824584,High Risk
541,25-06-2023,64,9,12100.62,11,-2369.32,-0.195801537,High Risk
542,26-06-2023,87,2,8728.01,7,-2367.2,-0.271218754,High Risk
314,10-11-2022,71,39,11608.08,14,-2365.2,-0.203754626,High Risk
232,20-08-2022,8,26,12293.2,5,-2352.03,-0.191327726,High Risk
657,19-10-2023,85,49,8031.91,12,-2339.54,-0.291280654,High Risk
209,28-07-2022,15,33,11899.66,1,-2314.95,-0.194539172,High Risk
560,14-07-2023,67,20,10660.18,1,-2287.29,-0.214563919,High Risk
408,12-02-2023,49,11,9247.49,10,-2278.54,-0.246395508,High Risk
974,31-08-2024,87,35,14903.87,8,-2269.27,-0.152260453,High Risk
19,19-01-2022,8,9,8050.18,14,-2262.2,-0.28101235,High Risk
473,18-04-2023,35,18,12619.22,11,-2250.76,-0.178359677,High Risk
210,29-07-2022,81,13,9448.3,8,-2243.42,-0.237441656,High Risk
383,18-01-2023,14,8,11262.88,11,-2235.05,-0.198443915,High Risk
475,20-04-2023,80,22,8615.07,9,-2230.64,-0.258923027,High Risk
500,15-05-2023,55,47,14543.37,4,-2205.13,-0.151624417,High Risk
896,14-06-2024,16,6,14526.46,5,-2180.69,-0.150118473,High Risk
721,22-12-2023,91,38,8663.51,10,-2171.6,-0.250660529,High Risk
808,18-03-2024,5,1,10437.48,3,-2170.63,-0.207964949,High Risk
492,07-05-2023,93,41,7975.16,1,-2167.89,-0.271830283,High Risk
540,24-06-2023,33,23,9769.9,9,-2147.68,-0.219826201,High Risk
160,09-06-2022,76,20,11384.29,7,-2138.67,-0.187861518,High Risk
530,14-06-2023,86,17,7920.66,10,-2136.99,-0.269799486,High Risk
631,23-09-2023,56,33,13540.04,1,-2133.86,-0.157596285,High Risk
521,05-06-2023,60,11,9981.55,5,-2122.82,-0.212674384,High Risk
848,27-04-2024,40,17,7538.23,13,-2103.66,-0.27906551,High Risk
973,30-08-2024,12,20,13829.6,7,-2101.68,-0.151969688,High Risk
568,22-07-2023,85,47,9004.97,6,-2096.41,-0.232805884,High Risk
507,22-05-2023,72,49,10191.65,12,-2077.07,-0.203801151,High Risk
141,21-05-2022,35,4,8317.16,11,-2060.61,-0.247754041,High Risk
225,13-08-2022,98,23,11710.28,5,-2027.37,-0.173127372,High Risk
60,01-03-2022,65,2,8745.02,6,-2004.48,-0.229213884,High Risk
110,20-04-2022,44,30,12959.61,14,-2003.71,-0.154611906,High Risk
543,27-06-2023,99,32,9296.88,12,-1999.54,-0.215076456,High Risk
742,12-01-2024,84,44,8753.8,11,-1985.79,-0.226848911,High Risk
322,18-11-2022,67,29,9361.24,14,-1975.45,-0.211024394,High Risk
575,29-07-2023,98,33,8382.09,4,-1959.42,-0.233762701,High Risk
470,15-04-2023,23,28,13437.25,14,-1945.87,-0.144811624,High Risk
171,20-06-2022,77,26,14002.93,4,-1940.19,-0.138556002,High Risk
731,01-01-2024,86,44,6756.96,10,-1910.73,-0.282779534,High Risk
673,04-11-2023,70,47,12515.99,6,-1862.71,-0.148826421,High Risk
85,26-03-2022,51,23,8604.38,13,-1847.79,-0.21474993,High Risk
464,09-04-2023,53,45,7912.34,8,-1838.26,-0.232328237,High Risk
179,28-06-2022,60,42,20000,7,-1835.53,-0.0917765,High Risk
856,05-05-2024,67,11,9965.45,12,-1831.93,-0.183828126,High Risk
782,21-02-2024,32,5,9497.74,8,-1805.26,-0.190072586,High Risk
674,05-11-2023,23,39,12036.12,3,-1775.82,-0.147540902,High Risk
523,07-06-2023,29,43,5941.15,3,-1770.17,-0.297950733,High Risk
496,11-05-2023,29,12,7208.95,12,-1716.65,-0.238127605,High Risk
53,22-02-2022,94,15,9304.55,12,-1704.38,-0.183177048,High Risk
797,07-03-2024,96,3,7677.73,13,-1698.11,-0.221173446,High Risk
990,16-09-2024,58,13,8728.01,10,-1682.44,-0.192763299,High Risk
605,28-08-2023,89,37,6430.86,4,-1657.06,-0.257673157,High Risk
89,30-03-2022,76,32,10030.36,2,-1651.39,-0.164639156,High Risk
608,31-08-2023,3,29,13714.24,2,-1643.72,-0.119854983,High Risk
550,04-07-2023,69,49,9386.05,6,-1631.76,-0.173849489,High Risk
804,14-03-2024,40,25,8913.89,11,-1616.32,-0.181325998,High Risk
519,03-06-2023,41,25,13453.65,6,-1611.37,-0.119771958,High Risk
609,01-09-2023,51,20,8908.45,10,-1593.5,-0.178875113,High Risk
18,18-01-2022,49,32,12538.57,10,-1592.29,-0.126991355,High Risk
504,19-05-2023,91,7,8832.11,10,-1588.92,-0.179902651,High Risk
606,29-08-2023,87,15,6040.68,1,-1580.33,-0.261614586,High Risk
887,05-06-2024,2,37,8618.47,13,-1577.57,-0.18304525,High Risk
301,28-10-2022,56,6,5566.87,1,-1566.21,-0.281344813,High Risk
739,09-01-2024,40,45,7963.71,7,-1561.47,-0.196073187,High Risk
353,19-12-2022,34,48,12229.81,14,-1561.37,-0.127669195,High Risk
986,12-09-2024,50,7,6547.96,8,-1553.06,-0.237182267,High Risk
231,19-08-2022,93,10,14984.04,1,-1546.47,-0.103207813,High Risk
697,28-11-2023,44,1,11122.79,14,-1544.89,-0.138894108,High Risk
518,02-06-2023,49,49,14696.06,3,-1539.39,-0.104748484,High Risk
250,07-09-2022,41,34,8151.21,13,-1530.23,-0.187730411,High Risk
915,03-07-2024,24,36,9251.76,4,-1529.1,-0.165276661,High Risk
494,09-05-2023,12,27,12731.65,3,-1492.37,-0.117217328,High Risk
943,31-07-2024,15,9,20000,2,-1486.2,-0.07431,High Risk
650,12-10-2023,55,11,6238.07,5,-1485.47,-0.238129742,High Risk
902,20-06-2024,18,30,8346.21,4,-1462.69,-0.175252001,High Risk
239,27-08-2022,10,21,11873.14,13,-1461.72,-0.123111494,High Risk
476,21-04-2023,21,39,5338.38,7,-1445.75,-0.27082186,High Risk
319,15-11-2022,47,7,5822.67,13,-1445.15,-0.248193698,High Risk
174,23-06-2022,86,21,5765.71,1,-1397.99,-0.242466236,High Risk
689,20-11-2023,48,26,8013.66,2,-1396.17,-0.174223763,High Risk
237,25-08-2022,65,41,7255.49,14,-1393.74,-0.192094538,High Risk
451,27-03-2023,69,21,5967.21,12,-1387.15,-0.232462072,High Risk
72,13-03-2022,20,41,8728.01,5,-1370.03,-0.156969344,High Risk
799,09-03-2024,15,1,10935.1,2,-1364.87,-0.124815502,High Risk
833,12-04-2024,61,30,8728.01,5,-1332.02,-0.152614399,High Risk
740,10-01-2024,24,10,13654.74,11,-1329.65,-0.097376442,High Risk
198,17-07-2022,35,45,6115.5,4,-1325.88,-0.216806475,High Risk
750,20-01-2024,72,40,9832.37,9,-1325.71,-0.134831175,High Risk
933,21-07-2024,5,21,6473.08,9,-1309.66,-0.202324087,High Risk
185,04-07-2022,36,22,13359.15,4,-1296.33,-0.097036862,High Risk
958,15-08-2024,10,43,13939.43,2,-1281.46,-0.091930588,High Risk
912,30-06-2024,50,38,14901.84,2,-1278.7,-0.085808195,High Risk
620,12-09-2023,4,46,12087.81,5,-1277.29,-0.105667611,High Risk
466,11-04-2023,21,33,12760.39,10,-1270.06,-0.099531441,High Risk
431,07-03-2023,38,31,13930.57,3,-1266.67,-0.090927363,High Risk
683,14-11-2023,72,18,10202.89,9,-1246.91,-0.122211452,High Risk
911,29-06-2024,39,2,11209.81,10,-1246.14,-0.111165131,High Risk
796,06-03-2024,39,40,8728.01,14,-1241.36,-0.142227151,High Risk
795,05-03-2024,60,19,4418.16,1,-1240.86,-0.280854473,High Risk
927,15-07-2024,3,5,4693.31,5,-1228.78,-0.261815222,High Risk
628,20-09-2023,45,41,7110.9,4,-1226.99,-0.172550591,High Risk
924,12-07-2024,21,7,14503.52,12,-1225.73,-0.084512587,High Risk
278,05-10-2022,69,11,14606.64,6,-1225.56,-0.083904307,High Risk
143,23-05-2022,94,12,10152.18,11,-1206.17,-0.118808965,High Risk
381,16-01-2023,1,49,5021.27,4,-1202.05,-0.239391628,High Risk
672,03-11-2023,48,6,5140.24,13,-1197.96,-0.233055266,High Risk
56,25-02-2022,72,7,5854.14,6,-1197.78,-0.204603921,High Risk
221,09-08-2022,53,11,5188.93,4,-1188.27,-0.229000969,High Risk
944,01-08-2024,17,20,10922.81,14,-1179.18,-0.107955737,High Risk
592,15-08-2023,36,45,5848.74,7,-1168.14,-0.199725069,High Risk
968,25-08-2024,78,31,10811.14,7,-1166.48,-0.107896115,High Risk
481,26-04-2023,99,3,10941.38,7,-1163.73,-0.106360441,High Risk
894,12-06-2024,32,46,13116.08,3,-1162.8,-0.088654537,High Risk
604,27-08-2023,60,42,8254.59,13,-1160.58,-0.14059814,High Risk
559,13-07-2023,47,43,10263.25,6,-1155.4,-0.112576426,High Risk
913,01-07-2024,1,5,10555.75,12,-1127.94,-0.106855505,High Risk
534,18-06-2023,22,4,3793.83,6,-1100.03,-0.28995237,High Risk
40,09-02-2022,39,6,10842.28,11,-1061.62,-0.09791483,High Risk
972,29-08-2024,32,29,8728.01,5,-1042.27,-0.119416683,High Risk
777,16-02-2024,11,46,8978.79,7,-1039.27,-0.115747222,High Risk
323,19-11-2022,13,33,12164.3,13,-1019.94,-0.083846995,High Risk
822,01-04-2024,19,26,10887.87,7,-1017.27,-0.093431498,High Risk
290,17-10-2022,53,14,6159.64,1,-1016.87,-0.165085947,High Risk
253,10-09-2022,29,14,8728.01,7,-1011.51,-0.115892397,High Risk
269,26-09-2022,78,42,5143.74,7,-993.08,-0.193065746,High Risk
33,02-02-2022,54,13,3263.15,6,-973.58,-0.298355883,High Risk
453,29-03-2023,5,19,9491.84,6,-969.63,-0.102154061,High Risk
356,22-12-2022,12,47,10022.71,11,-969.16,-0.096696402,High Risk
937,25-07-2024,18,34,6346.69,5,-964.58,-0.151981584,High Risk
111,21-04-2022,88,5,12853.09,11,-955.33,-0.074326874,High Risk
202,21-07-2022,10,16,9271.56,14,-936.3,-0.100986242,High Risk
644,06-10-2023,92,12,4750.03,2,-932.29,-0.196270339,High Risk
769,08-02-2024,21,42,8537.71,10,-929.09,-0.108821921,High Risk
508,23-05-2023,57,30,5402.88,7,-927.81,-0.17172508,High Risk
415,19-02-2023,29,38,13337.95,8,-919.99,-0.068975367,High Risk
834,13-04-2024,83,49,8728.01,9,-919.94,-0.105400887,High Risk
601,24-08-2023,58,23,4295.15,4,-918.88,-0.213934321,High Risk
614,06-09-2023,5,44,7360.85,4,-918.52,-0.124784502,High Risk
803,13-03-2024,6,1,7309.35,8,-914.13,-0.125063104,High Risk
743,13-01-2024,87,39,14017.56,14,-909.68,-0.064895745,High Risk
16,16-01-2022,40,50,20000,11,-907.82,-0.045391,High Risk
267,24-09-2022,78,22,4393.12,14,-905.81,-0.206188313,High Risk
206,25-07-2022,44,36,8728.01,7,-903.68,-0.10353792,High Risk
872,21-05-2024,78,37,9461.72,8,-889.34,-0.093993481,High Risk
938,26-07-2024,40,3,3740.53,14,-868.92,-0.232298631,High Risk
617,09-09-2023,76,24,3710.86,13,-861.59,-0.23218068,High Risk
952,09-08-2024,94,28,5513.38,5,-841.22,-0.15257791,High Risk
234,22-08-2022,1,14,7524.11,3,-840.62,-0.111723513,High Risk
832,11-04-2024,92,49,14703.09,14,-816.78,-0.055551588,High Risk
645,07-10-2023,31,35,8344.25,5,-809.41,-0.097002127,High Risk
292,19-10-2022,98,2,2937.1,14,-808.66,-0.275326002,High Risk
211,30-07-2022,49,15,10378.95,13,-807.3,-0.077782435,High Risk
892,10-06-2024,3,4,12640.79,8,-804.16,-0.063616277,High Risk
274,01-10-2022,33,26,14820.25,8,-802.5,-0.054148884,High Risk
762,01-02-2024,36,48,9139.74,7,-797.94,-0.087304453,High Risk
6,06-01-2022,24,15,13136.92,7,-792.31,-0.060311702,High Risk
905,23-06-2024,43,47,3263.43,7,-789.15,-0.241816126,High Risk
908,26-06-2024,32,3,2836.37,10,-788.42,-0.277967966,High Risk
955,12-08-2024,58,50,13558.94,4,-782.22,-0.05769035,High Risk
35,04-02-2022,65,50,4943.12,1,-772.31,-0.156239379,High Risk
877,26-05-2024,38,16,7947.65,7,-764.67,-0.096213346,High Risk
303,30-10-2022,44,20,3068.93,7,-757.78,-0.246919936,High Risk
30,30-01-2022,57,45,10116.65,1,-754.45,-0.074575082,High Risk
755,25-01-2024,26,9,9564.7,10,-749.56,-0.07836733,High Risk
720,21-12-2023,100,49,5697.54,2,-734.18,-0.128859122,High Risk
766,05-02-2024,28,18,10288.94,4,-729.2,-0.070872218,High Risk
935,23-07-2024,48,28,8031.13,1,-728.31,-0.090685869,High Risk
309,05-11-2022,23,18,9505.8,11,-723.99,-0.076162974,High Risk
579,02-08-2023,59,33,8728.01,1,-718.25,-0.082292527,High Risk
255,12-09-2022,50,47,2633.24,8,-698.5,-0.265262566,High Risk
242,30-08-2022,99,21,3592.98,12,-695.65,-0.193613658,High Risk
978,04-09-2024,44,24,2908.26,14,-688.22,-0.236643216,High Risk
485,30-04-2023,36,39,8098.96,12,-676.81,-0.08356752,High Risk
749,19-01-2024,93,29,8728.01,11,-675.71,-0.077418564,High Risk
463,08-04-2023,1,49,20000,8,-665.1,-0.033255,High Risk
945,02-08-2024,18,2,2734.24,4,-652.7,-0.2387135,High Risk
923,11-07-2024,49,26,8567.97,5,-643.94,-0.075156659,High Risk
208,27-07-2022,32,50,10634.67,10,-642.02,-0.060370468,High Risk
707,08-12-2023,71,25,3269.33,10,-639.81,-0.195700648,High Risk
511,26-05-2023,68,48,7207.69,12,-636.79,-0.088348694,High Risk
264,21-09-2022,79,41,14010.76,8,-636.77,-0.045448641,High Risk
372,07-01-2023,34,47,9336.24,7,-636.61,-0.068186979,High Risk
820,30-03-2024,59,32,12482.84,3,-632.71,-0.050686382,High Risk
363,29-12-2022,54,16,14156.63,14,-627.06,-0.04429444,High Risk
426,02-03-2023,87,23,7713.82,4,-626.61,-0.081232126,High Risk
190,09-07-2022,34,24,5710.99,14,-622.21,-0.108949587,High Risk
467,12-04-2023,94,30,3670.71,13,-616.93,-0.168068303,High Risk
328,24-11-2022,17,5,20000,5,-612.11,-0.0306055,High Risk
233,21-08-2022,16,15,9817.19,6,-607.04,-0.061834395,High Risk
157,06-06-2022,5,9,2866.21,2,-593.85,-0.207189983,High Risk
241,29-08-2022,57,40,2196.01,14,-593.14,-0.270098952,High Risk
392,27-01-2023,76,3,8421.3,5,-591.49,-0.070237374,High Risk
487,02-05-2023,46,22,8714.25,7,-580.86,-0.066656339,High Risk
865,14-05-2024,70,42,4947.86,12,-574.17,-0.116044108,High Risk
331,27-11-2022,74,38,9801.35,2,-574.12,-0.058575604,High Risk
840,19-04-2024,90,18,5722.71,13,-572.89,-0.100108166,High Risk
136,16-05-2022,63,5,3731.95,8,-567.83,-0.1521537,High Risk
647,09-10-2023,47,7,4759.7,14,-567.66,-0.119263819,High Risk
811,21-03-2024,97,31,2271.35,1,-565.14,-0.24881238,High Risk
105,15-04-2022,5,17,11772.61,4,-561.04,-0.047656382,High Risk
914,02-07-2024,32,36,2245.79,4,-552.72,-0.24611384,High Risk
73,14-03-2022,28,27,2902.15,1,-552.52,-0.190382992,High Risk
45,14-02-2022,68,46,8708.31,3,-541.64,-0.062198061,High Risk
641,03-10-2023,56,30,6189.53,14,-539.41,-0.087148782,High Risk
373,08-01-2023,9,15,4489.97,10,-537.17,-0.11963777,High Risk
172,21-06-2022,37,22,4352.29,14,-536.5,-0.12326844,High Risk
509,24-05-2023,5,37,2522.97,5,-534.9,-0.212012033,High Risk
613,05-09-2023,82,24,2308.4,11,-534.37,-0.231489343,High Risk
416,20-02-2023,54,44,4747.82,14,-520.63,-0.109656642,High Risk
732,02-01-2024,26,6,2104.88,2,-520.03,-0.247059215,High Risk
159,08-06-2022,77,40,8728.01,5,-492.48,-0.056425233,High Risk
709,10-12-2023,78,6,1991.68,10,-476.38,-0.23918501,High Risk
29,29-01-2022,70,13,4873.34,2,-464.76,-0.095367859,High Risk
537,21-06-2023,69,38,1960.59,14,-453.71,-0.231415033,High Risk
857,06-05-2024,31,22,1893.46,14,-453.35,-0.239429404,High Risk
676,07-11-2023,52,12,4404.65,12,-450.89,-0.102366817,High Risk
918,06-07-2024,1,25,9637.26,8,-446.54,-0.046334747,High Risk
677,08-11-2023,83,4,2709.18,4,-441.89,-0.163108394,High Risk
64,05-03-2022,93,5,2552.13,2,-427.66,-0.167569834,High Risk
165,14-06-2022,31,22,6168.4,14,-424.93,-0.068888204,High Risk
939,27-07-2024,87,31,6447.69,3,-418.88,-0.064965903,High Risk
637,29-09-2023,7,25,4919.61,8,-415.89,-0.084537189,High Risk
562,16-07-2023,9,38,11608.56,12,-412.61,-0.035543599,High Risk
800,10-03-2024,82,43,1699.74,13,-409.75,-0.241066281,High Risk
14,14-01-2022,91,28,3033.73,4,-409.54,-0.134995534,High Risk
280,07-10-2022,62,26,2593.88,10,-395.57,-0.152501272,High Risk
979,05-09-2024,2,42,8728.01,5,-394.06,-0.045148894,High Risk
178,27-06-2022,44,27,2115.36,12,-382.18,-0.180669011,High Risk
590,13-08-2023,52,21,2944.28,10,-381.44,-0.129552896,High Risk
994,20-09-2024,64,9,6982.73,1,-379.93,-0.054409951,High Risk
871,20-05-2024,48,44,11998.89,8,-379.75,-0.031648761,High Risk
107,17-04-2022,73,22,13530.54,4,-378.36,-0.027963407,High Risk
651,13-10-2023,27,14,4304.66,4,-369.71,-0.085885993,High Risk
576,30-07-2023,65,50,1498.34,5,-362.63,-0.24202117,High Risk
76,17-03-2022,34,29,4242.97,1,-361.98,-0.085312882,High Risk
816,26-03-2024,17,29,12202.33,4,-359.33,-0.029447655,High Risk
184,03-07-2022,6,31,7070.72,5,-351.9,-0.049768623,High Risk
684,15-11-2023,5,33,4627.41,9,-350.95,-0.075841561,High Risk
903,21-06-2024,32,1,1321.72,4,-350.95,-0.265525225,High Risk
354,20-12-2022,22,38,4345.42,1,-341.68,-0.078629914,High Risk
27,27-01-2022,45,32,7434.43,6,-341.12,-0.045883814,High Risk
612,04-09-2023,53,27,5684.88,2,-336.54,-0.059199139,High Risk
228,16-08-2022,52,28,1979.64,4,-329.69,-0.166540381,High Risk
197,16-07-2022,97,16,1291.19,12,-328.43,-0.254362255,High Risk
342,08-12-2022,10,13,1218.21,14,-326.44,-0.267966935,High Risk
724,25-12-2023,5,35,8728.01,7,-323.22,-0.037032497,High Risk
718,19-12-2023,65,26,8454.41,1,-322.67,-0.03816588,High Risk
316,12-11-2022,30,29,2018.96,2,-321.18,-0.159081904,High Risk
224,12-08-2022,9,8,9939.53,9,-313.87,-0.031577952,High Risk
10,10-01-2022,24,34,1390.74,8,-313.54,-0.225448322,High Risk
236,24-08-2022,49,9,12657,8,-295.41,-0.023339654,High Risk
127,07-05-2022,92,39,1078.4,2,-291.29,-0.270113131,High Risk
88,29-03-2022,68,25,1549.04,14,-279.95,-0.180724836,High Risk
996,22-09-2024,31,42,1500.42,6,-271.86,-0.181189267,High Risk
452,28-03-2023,68,49,2190.62,10,-269.83,-0.123175174,High Risk
21,21-01-2022,1,49,1964.14,7,-267.79,-0.136339568,High Risk
251,08-09-2022,37,9,1319.97,9,-265.35,-0.201027296,High Risk
844,23-04-2024,40,41,1522.2,6,-260.37,-0.171048482,High Risk
545,29-06-2023,78,47,12400.95,12,-259.04,-0.020888722,High Risk
422,26-02-2023,41,3,4768.66,12,-256.15,-0.053715299,High Risk
188,07-07-2022,88,3,1540.24,11,-253.78,-0.16476653,High Risk
538,22-06-2023,30,26,8728.01,5,-252.63,-0.028944742,High Risk
699,30-11-2023,11,50,1412.24,3,-250.93,-0.177682264,High Risk
839,18-04-2024,45,4,12212.39,14,-245.47,-0.020100079,High Risk
57,26-02-2022,24,23,12643.84,5,-239.01,-0.018903276,High Risk
713,14-12-2023,67,19,1152.15,13,-235.12,-0.204070651,High Risk
220,08-08-2022,11,35,20000,8,-233.25,-0.0116625,High Risk
828,07-04-2024,46,7,2821.06,4,-232.69,-0.08248318,High Risk
133,13-05-2022,30,7,4202.07,13,-228.15,-0.054294669,High Risk
719,20-12-2023,86,10,874.61,2,-227.56,-0.260184539,High Risk
922,10-07-2024,100,8,8728.01,5,-227.07,-0.02601624,High Risk
598,21-08-2023,26,2,11981.45,11,-223.88,-0.018685551,High Risk
216,04-08-2022,83,17,6181.83,14,-216,-0.03494111,High Risk
161,10-06-2022,7,40,980.05,2,-214.31,-0.218672517,High Risk
975,01-09-2024,64,30,4363.28,7,-213.51,-0.048933371,High Risk
837,16-04-2024,20,11,8176.3,10,-211.24,-0.025835647,High Risk
312,08-11-2022,6,34,20000,8,-210.52,-0.010526,High Risk
501,16-05-2023,43,21,3666.54,11,-209.96,-0.057263796,High Risk
148,28-05-2022,55,11,10273.69,13,-207.28,-0.020175808,High Risk
525,09-06-2023,44,50,8606.87,3,-206,-0.023934369,High Risk
457,02-04-2023,40,6,10512.85,10,-205.3,-0.019528482,High Risk
906,24-06-2024,74,39,905.74,6,-204.75,-0.226058251,High Risk
623,15-09-2023,70,28,13285.43,6,-203.62,-0.015326565,High Risk
625,17-09-2023,1,32,2595.31,11,-198.86,-0.076622831,High Risk
131,11-05-2022,53,15,1415.08,11,-193.23,-0.136550584,High Risk
106,16-04-2022,44,46,5097.79,2,-174.29,-0.034189325,High Risk
296,23-10-2022,54,34,14081.39,12,-173.83,-0.012344662,High Risk
602,25-08-2023,47,2,9111.69,5,-171.2,-0.01878905,High Risk
297,24-10-2022,35,1,990.66,4,-169.51,-0.17110815,High Risk
505,20-05-2023,18,24,3467.37,14,-168.32,-0.048543997,High Risk
980,06-09-2024,15,3,5054.4,9,-165.43,-0.032729899,High Risk
361,27-12-2022,44,46,1860.66,11,-143.77,-0.077268281,High Risk
326,22-11-2022,92,34,2234,11,-138.44,-0.061969561,High Risk
578,01-08-2023,25,4,8728.01,1,-137.34,-0.015735546,High Risk
893,11-06-2024,32,46,2866.06,13,-132.92,-0.046377257,High Risk
213,01-08-2022,34,30,10424.2,11,-132.36,-0.012697377,High Risk
587,10-08-2023,73,11,5404.46,3,-129.13,-0.023893229,High Risk
48,17-02-2022,49,22,10189.32,12,-126.57,-0.01242183,High Risk
3,03-01-2022,26,42,3156.18,9,-125.11,-0.039639691,High Risk
333,29-11-2022,56,50,13082.85,11,-121.8,-0.009309898,High Risk
942,30-07-2024,88,5,2069.44,14,-121.58,-0.058750193,High Risk
147,27-05-2022,50,3,1621.37,4,-119.78,-0.073875796,High Risk
885,03-06-2024,93,11,12141.39,3,-119.18,-0.00981601,High Risk
169,18-06-2022,56,11,822.69,12,-115.94,-0.140927932,High Risk
818,28-03-2024,97,16,3698.62,13,-114.65,-0.030998048,High Risk
91,01-04-2022,48,16,3279.36,12,-114.52,-0.034921448,High Risk
417,21-02-2023,80,22,578.57,12,-110.49,-0.190970842,High Risk
254,11-09-2022,94,48,9753.55,3,-109.02,-0.011177469,High Risk
807,17-03-2024,23,45,10619.8,8,-98.84,-0.009307143,High Risk
480,25-04-2023,1,31,11117.63,8,-98.65,-0.008873294,High Risk
379,14-01-2023,82,17,8728.01,3,-98.19,-0.011249987,High Risk
572,26-07-2023,93,20,1130.38,8,-95.1,-0.084131,High Risk
336,02-12-2022,71,6,2663.2,3,-94.99,-0.035667618,High Risk
503,18-05-2023,39,5,472.95,8,-94.69,-0.200211439,High Risk
423,27-02-2023,13,22,690.23,7,-90.13,-0.130579662,High Risk
611,03-09-2023,18,10,6581.61,1,-87.71,-0.013326526,High Risk
187,06-07-2022,33,28,10076.27,12,-87.63,-0.00869667,High Risk
867,16-05-2024,40,38,8728.01,6,-85.13,-0.009753655,High Risk
218,06-08-2022,78,22,8369.24,10,-78.72,-0.009405872,High Risk
791,01-03-2024,99,18,961.61,9,-74.94,-0.077931802,High Risk
305,01-11-2022,19,2,284.03,8,-64.58,-0.227370348,High Risk
593,16-08-2023,79,14,884.66,11,-64.37,-0.072762417,High Risk
295,22-10-2022,57,35,1602.35,3,-63.17,-0.039423347,High Risk
50,19-02-2022,65,19,14102.09,11,-63.06,-0.004471678,High Risk
351,17-12-2022,1,8,8728.01,4,-62.87,-0.007203246,High Risk
830,09-04-2024,17,7,13826.42,1,-62.35,-0.004509483,High Risk
31,31-01-2022,25,20,273.29,9,-61.54,-0.225182041,High Risk
80,21-03-2022,94,44,1706.63,14,-60.43,-0.035408964,High Risk
784,23-02-2024,10,42,993.32,13,-58.92,-0.059316232,High Risk
953,10-08-2024,31,27,2858.66,3,-54.66,-0.019120847,High Risk
256,13-09-2022,62,49,2827.8,5,-51.36,-0.018162529,High Risk
934,22-07-2024,63,40,14048.55,7,-46.36,-0.003299985,High Risk
812,22-03-2024,89,20,5258.71,14,-45.21,-0.008597165,High Risk
899,17-06-2024,85,44,233.49,4,-44.17,-0.189172984,High Risk
754,24-01-2024,97,27,772.79,13,-43.33,-0.056069566,High Risk
367,02-01-2023,87,34,10870.96,9,-37.11,-0.003413682,High Risk
687,18-11-2023,1,49,321.71,6,-35.57,-0.110565416,High Risk
217,05-08-2022,65,46,215.62,10,-33.14,-0.153696318,High Risk
556,10-07-2023,18,10,1144.99,8,-32.52,-0.028401995,High Risk
962,19-08-2024,16,11,554.5,11,-30.03,-0.054156898,High Risk
433,09-03-2023,47,23,5103.16,2,-27.44,-0.00537706,High Risk
293,20-10-2022,80,31,12816.47,8,-26.07,-0.002034101,High Risk
92,02-04-2022,17,48,123.62,13,-25.4,-0.205468371,High Risk
67,08-03-2022,36,12,2181.35,6,-24.19,-0.011089463,High Risk
201,20-07-2022,19,31,109.65,10,-24.12,-0.21997264,High Risk
823,02-04-2024,45,36,7227.26,9,-20.98,-0.002902898,High Risk
580,03-08-2023,37,25,598.97,11,-20.65,-0.03447585,High Risk
472,17-04-2023,65,11,8728.01,13,-20.03,-0.00229491,High Risk
483,28-04-2023,29,50,704.35,12,-20.01,-0.028409172,High Risk
38,07-02-2022,74,35,11843.68,1,-17.18,-0.001450563,High Risk
566,20-07-2023,27,29,1718.66,8,-16.74,-0.009740146,High Risk
775,14-02-2024,12,48,10486.18,5,-16.18,-0.001542983,High Risk
461,06-04-2023,94,21,439.96,3,-15.67,-0.035616874,High Risk
982,08-09-2024,56,14,493.88,5,-13.02,-0.026362679,High Risk
734,04-01-2024,6,39,208.74,6,-10.41,-0.049870652,High Risk
59,28-02-2022,36,8,1966.84,5,-9.77,-0.004967359,High Risk
567,21-07-2023,19,16,4231.61,13,5,0.001181583,Medium Risk
859,08-05-2024,88,1,9594.8,10,5.42,0.000564889,Medium Risk
926,14-07-2024,60,42,580.19,3,11.59,0.019976215,Medium Risk
257,14-09-2022,53,40,519.66,14,11.63,0.022380018,Medium Risk
436,12-03-2023,51,24,4966.03,5,13.25,0.002668127,Medium Risk
123,03-05-2022,39,48,2029.04,5,13.38,0.006594251,Medium Risk
491,06-05-2023,88,20,500.59,2,14.4,0.028766056,Medium Risk
497,12-05-2023,37,48,683.51,8,16.32,0.023876754,Medium Risk
164,13-06-2022,86,38,7513.55,4,16.37,0.00217873,Medium Risk
781,20-02-2024,12,11,6060.76,3,24.34,0.004015998,Medium Risk
432,08-03-2023,87,9,6984.75,7,25.18,0.003604997,Medium Risk
624,16-09-2023,63,11,764.38,8,26.14,0.03419765,Medium Risk
377,12-01-2023,92,41,824.99,1,28.02,0.033964048,Medium Risk
455,31-03-2023,59,15,167.46,12,36.94,0.220589992,Medium Risk
898,16-06-2024,7,18,101.25,1,39.05,0.385679012,Medium Risk
418,22-02-2023,46,48,115.21,4,39.75,0.345022133,Medium Risk
227,15-08-2022,45,48,1534.64,12,39.95,0.026032164,Medium Risk
662,24-10-2023,50,49,3355.63,12,39.97,0.011911325,Medium Risk
359,25-12-2022,37,49,7183.69,6,47.21,0.006571831,Medium Risk
459,04-04-2023,75,33,149.76,4,47.92,0.319978632,Medium Risk
706,07-12-2023,17,11,13315.3,5,51.46,0.003864727,Medium Risk
47,16-02-2022,84,41,1171.68,1,56.22,0.047982384,Medium Risk
265,22-09-2022,48,12,7683.27,7,58.27,0.00758401,Medium Risk
458,03-04-2023,57,42,5028.06,3,60.06,0.011944965,Medium Risk
809,19-03-2024,98,7,542.96,11,60.2,0.110873729,Medium Risk
779,18-02-2024,28,29,219.76,12,62.63,0.284992719,Medium Risk
489,04-05-2023,61,24,382.25,7,68.76,0.179882276,Medium Risk
247,04-09-2022,17,4,7369.49,7,68.82,0.009338502,Medium Risk
24,24-01-2022,7,37,347.06,5,70.57,0.203336599,Medium Risk
730,31-12-2023,65,31,7506.35,6,80.67,0.010746901,Medium Risk
635,27-09-2023,66,27,848.17,10,82.44,0.097197496,Medium Risk
439,15-03-2023,88,46,1915.76,13,82.99,0.043319622,Medium Risk
344,10-12-2022,16,4,346.89,11,84.21,0.24275707,Medium Risk
378,13-01-2023,60,13,930.45,10,93.2,0.100166586,Medium Risk
102,12-04-2022,60,29,1307.74,14,93.43,0.071443865,Medium Risk
585,08-08-2023,2,25,9517.89,13,93.77,0.009851973,Medium Risk
751,21-01-2024,51,13,961.18,7,99.18,0.103185668,Medium Risk
785,24-02-2024,94,1,898.49,13,99.21,0.110418591,Medium Risk
214,02-08-2022,86,36,2773.41,4,99.4,0.035840355,Medium Risk
347,13-12-2022,100,7,1739.31,1,99.61,0.057269837,Medium Risk
349,15-12-2022,71,15,3369.72,3,99.78,0.029610769,Medium Risk
46,15-02-2022,73,18,443.69,6,102.79,0.231670761,Medium Risk
817,27-03-2024,42,28,12583.45,11,104.03,0.008267208,Medium Risk
374,09-01-2023,80,4,8947.18,3,110.29,0.012326789,Medium Risk
390,25-01-2023,91,45,12834.45,6,114.83,0.008947014,Medium Risk
306,02-11-2022,57,46,687.16,10,123.7,0.180016299,Medium Risk
484,29-04-2023,42,38,2930.63,13,124.59,0.042513043,Medium Risk
325,21-11-2022,89,22,2303.38,7,129.66,0.056291189,Medium Risk
836,15-04-2024,93,22,6274.68,14,130.06,0.02072775,Medium Risk
688,19-11-2023,3,25,5898.32,12,130.51,0.022126639,Medium Risk
460,05-04-2023,73,5,7069.65,10,133.24,0.01884676,Medium Risk
352,18-12-2022,85,7,720.22,3,134.76,0.187109494,Medium Risk
329,25-11-2022,6,6,9245.47,3,137.99,0.014925147,Medium Risk
570,24-07-2023,56,30,2276.83,10,138.85,0.060983912,Medium Risk
581,04-08-2023,43,36,1640.06,14,141.28,0.08614319,Medium Risk
725,26-12-2023,22,10,857.87,8,142.32,0.165899262,Medium Risk
405,09-02-2023,63,50,509.19,5,142.83,0.28050433,Medium Risk
335,01-12-2022,79,34,1382.01,12,143.68,0.103964515,Medium Risk
26,26-01-2022,61,6,2020.25,4,147.14,0.07283257,Medium Risk
300,27-10-2022,45,29,5315.96,4,150.67,0.028342952,Medium Risk
112,22-04-2022,78,47,1149.35,5,167.24,0.145508331,Medium Risk
774,13-02-2024,22,35,561.62,5,179.06,0.318827677,Medium Risk
117,27-04-2022,13,21,8893.25,4,181.03,0.020355888,Medium Risk
993,19-09-2024,8,9,1112.4,12,181.18,0.162873067,Medium Risk
681,12-11-2023,33,15,6601.2,10,182.07,0.027581349,Medium Risk
104,14-04-2022,49,16,8728.01,10,189.49,0.021710562,Medium Risk
469,14-04-2023,50,50,5812.9,5,191.92,0.033016223,Medium Risk
663,25-10-2023,83,26,4593.24,6,196.67,0.042817271,Medium Risk
437,13-03-2023,38,33,13175.46,2,197.54,0.014993025,Medium Risk
119,29-04-2022,80,21,1155.42,3,198.32,0.171643212,Medium Risk
443,19-03-2023,27,17,3218.39,2,198.5,0.061676801,Medium Risk
991,17-09-2024,27,48,1197.19,11,205.22,0.171418071,Medium Risk
438,14-03-2023,58,44,519.61,6,205.75,0.395970054,Medium Risk
882,31-05-2024,33,41,561,10,207.57,0.37,Medium Risk
490,05-05-2023,87,6,1123.07,14,208.42,0.185580596,Medium Risk
778,17-02-2024,34,36,1184.3,2,214.11,0.18079034,Medium Risk
702,03-12-2023,40,9,2722.01,3,221.38,0.081329606,Medium Risk
729,30-12-2023,28,22,5988.82,11,222.78,0.037199315,Medium Risk
404,08-02-2023,9,25,559.21,6,223.49,0.399653082,Medium Risk
780,19-02-2024,32,15,4886.59,10,223.62,0.045761973,Medium Risk
595,18-08-2023,90,33,2590.78,5,230.41,0.088934607,Medium Risk
571,25-07-2023,29,2,5826.29,14,233.87,0.040140467,Medium Risk
139,19-05-2022,13,40,2936.7,12,237.98,0.081036538,Medium Risk
827,06-04-2024,13,26,2560.03,9,240.92,0.094108272,Medium Risk
558,12-07-2023,15,30,4506.69,7,241.55,0.053598095,Medium Risk
646,08-10-2023,27,48,8373.75,9,248.61,0.029689207,Medium Risk
909,27-06-2024,59,2,2792.65,12,248.79,0.089087426,Medium Risk
249,06-09-2022,33,6,925.61,14,250.14,0.270243407,Medium Risk
682,13-11-2023,53,50,10684.73,1,257.64,0.024112916,Medium Risk
536,20-06-2023,26,29,8728.01,3,259.35,0.029714677,Medium Risk
177,26-06-2022,16,4,1462.46,6,262.87,0.179745087,Medium Risk
970,27-08-2024,97,44,5511.34,1,265.06,0.048093567,Medium Risk
881,30-05-2024,85,41,1896.14,1,268.82,0.141772232,Medium Risk
138,18-05-2022,99,47,10931.88,13,274.34,0.025095409,Medium Risk
180,29-06-2022,83,23,6510.19,14,274.9,0.04222611,Medium Risk
802,12-03-2024,17,44,787.76,14,279.88,0.355285874,Medium Risk
835,14-04-2024,16,23,1079.65,7,282.67,0.261816329,Medium Risk
900,18-06-2024,23,29,4117.75,2,287.92,0.069921681,Medium Risk
772,11-02-2024,78,20,4775.32,4,293.61,0.061484885,Medium Risk
362,28-12-2022,72,44,7371.92,10,296.48,0.040217474,Medium Risk
156,05-06-2022,22,7,14928.9,9,297.53,0.019929801,Medium Risk
74,15-03-2022,5,4,3365.04,3,312.75,0.092940946,Medium Risk
99,09-04-2022,21,31,6597.89,4,316.37,0.047950178,Medium Risk
870,19-05-2024,97,20,2139.88,1,325.13,0.151938426,Medium Risk
199,18-07-2022,96,43,20000,11,342.04,0.017102,Medium Risk
983,09-09-2024,36,7,14321.08,8,347.87,0.024290766,Medium Risk
821,31-03-2024,20,39,13681.87,9,347.87,0.025425618,Medium Risk
947,04-08-2024,62,5,14262.79,5,347.87,0.024390039,Medium Risk
1000,26-09-2024,73,25,6908.89,5,347.87,0.050351069,Medium Risk
806,16-03-2024,3,17,592.63,2,347.87,0.586993571,Medium Risk
338,04-12-2022,3,1,7319.44,2,347.87,0.04752686,Medium Risk
600,23-08-2023,77,2,7003.65,6,347.87,0.049669815,Medium Risk
380,15-01-2023,91,8,7292.57,9,347.87,0.047701976,Medium Risk
194,13-07-2022,15,19,1056.74,6,347.87,0.329191665,Medium Risk
118,28-04-2022,77,21,7652.71,1,347.87,0.0454571,Medium Risk
771,10-02-2024,47,6,1007.51,4,347.87,0.34527697,Medium Risk
858,07-05-2024,74,50,8728.01,11,347.87,0.039856737,Medium Risk
787,26-02-2024,67,3,12670.03,5,347.87,0.027456131,Medium Risk
658,20-10-2023,75,19,11556.13,14,347.87,0.030102638,Medium Risk
535,19-06-2023,38,27,10068.63,2,347.87,0.034549884,Medium Risk
51,20-02-2022,17,34,4025.22,11,347.87,0.086422605,Medium Risk
376,11-01-2023,19,17,10365.12,13,347.87,0.033561599,Medium Risk
100,10-04-2022,54,5,10487.8,14,347.87,0.033169015,Medium Risk
783,22-02-2024,34,8,8728.01,11,347.87,0.039856737,Medium Risk
87,28-03-2022,22,8,10566.26,11,347.87,0.032922718,Medium Risk
852,01-05-2024,3,14,9715.66,11,347.87,0.035805082,Medium Risk
70,11-03-2022,92,35,3271.73,8,347.87,0.106326011,Medium Risk
936,24-07-2024,21,48,5184.3,13,347.87,0.067100669,Medium Risk
549,03-07-2023,81,36,5271.93,8,347.87,0.065985322,Medium Risk
733,03-01-2024,68,28,10882.73,3,347.87,0.031965325,Medium Risk
151,31-05-2022,55,41,8728.01,9,347.87,0.039856737,Medium Risk
409,13-02-2023,75,26,11184.01,11,347.87,0.031104228,Medium Risk
215,03-08-2022,84,19,8530.21,14,347.87,0.040780942,Medium Risk
63,04-03-2022,24,39,4062.3,9,347.87,0.085633754,Medium Risk
977,03-09-2024,22,24,9989.94,4,347.87,0.034822031,Medium Risk
334,30-11-2022,40,30,8728.01,3,347.87,0.039856737,Medium Risk
276,03-10-2022,76,48,5935.77,1,347.87,0.058605707,Medium Risk
516,31-05-2023,37,12,8019.08,11,347.87,0.043380288,Medium Risk
281,08-10-2022,95,20,8112.92,1,347.87,0.04287852,Medium Risk
7,07-01-2022,93,36,9260.19,14,347.87,0.037566184,Medium Risk
52,21-02-2022,32,4,12784.31,8,347.87,0.027210698,Medium Risk
946,03-08-2024,8,31,12415.29,13,347.87,0.028019482,Medium Risk
825,04-04-2024,58,18,11886.39,9,347.87,0.029266245,Medium Risk
981,07-09-2024,83,19,11720.21,4,347.87,0.029681209,Medium Risk
555,09-07-2023,7,27,3604.98,4,347.96,0.096522033,Medium Risk
529,13-06-2023,66,17,4708.47,1,351.33,0.074616595,Medium Risk
229,17-08-2022,55,4,2558.01,5,352.26,0.137708609,Medium Risk
583,06-08-2023,87,1,4205.6,3,356.07,0.084665684,Medium Risk
370,05-01-2023,100,28,13850.19,12,362.83,0.026196753,Medium Risk
879,28-05-2024,89,35,7797.12,1,367.48,0.047130222,Medium Risk
883,01-06-2024,39,46,4622.57,10,371.27,0.080316793,Medium Risk
615,07-09-2023,90,2,8091.21,11,373.22,0.046126599,Medium Risk
243,31-08-2022,49,41,4259.66,12,379.31,0.089047013,Medium Risk
708,09-12-2023,8,33,4005.66,9,379.54,0.094750927,Medium Risk
798,08-03-2024,51,44,2935.64,11,380.85,0.12973321,Medium Risk
895,13-06-2024,50,27,7095.19,4,381.75,0.053804056,Medium Risk
919,07-07-2024,60,2,12444,8,382.12,0.030707168,Medium Risk
421,25-02-2023,37,28,6938.44,14,382.67,0.055152167,Medium Risk
93,03-04-2022,13,32,2507.55,9,383.4,0.152898247,Medium Risk
842,21-04-2024,89,22,8705.28,5,393.3,0.045179477,Medium Risk
413,17-02-2023,68,3,1519.24,14,401.19,0.264072826,Medium Risk
399,03-02-2023,84,3,2933.62,10,403.64,0.137591099,Medium Risk
23,23-01-2022,56,24,9562.47,3,406.61,0.042521441,Medium Risk
153,02-06-2022,38,44,7859.47,5,408.29,0.051948796,Medium Risk
987,13-09-2024,7,27,5779.64,6,416.72,0.072101377,Medium Risk
134,14-05-2022,27,29,1258.14,8,429.63,0.34148028,Medium Risk
394,29-01-2023,38,5,4207.8,14,432.35,0.102749655,Medium Risk
790,29-02-2024,66,29,6034.21,12,433.65,0.071865248,Medium Risk
753,23-01-2024,36,31,5025.86,14,435.29,0.086610053,Medium Risk
465,10-04-2023,88,47,8199.92,1,439.38,0.05358345,Medium Risk
539,23-06-2023,23,36,10586.83,14,448.94,0.042405517,Medium Risk
311,07-11-2022,70,26,11980.63,2,450.32,0.037587339,Medium Risk
450,26-03-2023,75,21,1842.36,4,453.73,0.246276515,Medium Risk
627,19-09-2023,61,4,11662.42,2,455.97,0.039097374,Medium Risk
599,22-08-2023,31,33,14468.52,6,456.63,0.031560243,Medium Risk
271,28-09-2022,68,34,3248.87,14,467.32,0.143840782,Medium Risk
639,01-10-2023,4,49,8279.18,1,469.2,0.056672279,Medium Risk
668,30-10-2023,99,2,7015.35,8,469.91,0.066983116,Medium Risk
868,17-05-2024,66,19,11659.61,4,472.68,0.040539949,Medium Risk
553,07-07-2023,83,50,1597.07,14,482.74,0.302266025,Medium Risk
964,21-08-2024,36,22,4424.49,6,493.38,0.111511157,Medium Risk
386,21-01-2023,50,14,5500.54,7,510.11,0.092738168,Low Risk
442,18-03-2023,12,5,5250.45,14,515.2,0.098124923,Low Risk
145,25-05-2022,6,37,1315.75,9,518.42,0.39401102,Low Risk
941,29-07-2024,96,32,5721.9,3,529.21,0.092488509,Low Risk
440,16-03-2023,70,32,8653.55,8,529.85,0.061229207,Low Risk
552,06-07-2023,1,37,1900.34,1,535.27,0.281670648,Low Risk
845,24-04-2024,49,26,12548.8,14,538.42,0.042906095,Low Risk
517,01-06-2023,32,6,6823.53,8,541.09,0.079297666,Low Risk
660,22-10-2023,38,5,4270.62,8,542.51,0.127033077,Low Risk
387,22-01-2023,99,12,6077.01,9,549.18,0.0903701,Low Risk
170,19-06-2022,13,20,4999.59,1,551.03,0.110215038,Low Risk
427,03-03-2023,70,30,11463.47,5,556.59,0.048553361,Low Risk
364,30-12-2022,8,16,7770.82,10,558.8,0.071910043,Low Risk
61,02-03-2022,62,14,6597.07,2,560.38,0.08494377,Low Risk
971,28-08-2024,39,32,5054.17,6,562.1,0.111215096,Low Risk
382,17-01-2023,73,38,2549.97,9,573.16,0.224771272,Low Risk
880,29-05-2024,27,6,2145.29,12,577.78,0.269324893,Low Risk
685,16-11-2023,30,2,1901.28,5,578.72,0.304384415,Low Risk
130,10-05-2022,70,25,9406.05,1,582.34,0.061911217,Low Risk
113,23-04-2022,51,22,5498.33,3,589,0.107123436,Low Risk
701,02-12-2023,76,38,9122.13,11,600.68,0.065848656,Low Risk
584,07-08-2023,44,16,7408.76,9,604.79,0.081631744,Low Risk
554,08-07-2023,74,40,1663.84,4,613.42,0.368677277,Low Risk
932,20-07-2024,29,12,11672.43,12,616.16,0.052787637,Low Risk
435,11-03-2023,20,6,3620,10,616.8,0.17038674,Low Risk
43,12-02-2022,88,5,3287.51,10,623.73,0.18972718,Low Risk
589,12-08-2023,47,35,12073.4,8,624.55,0.051729422,Low Risk
240,28-08-2022,47,31,9848.87,4,635.76,0.064551568,Low Risk
277,04-10-2022,92,36,6443.33,5,636.04,0.098712933,Low Risk
289,16-10-2022,9,17,1849.02,9,643.35,0.347941071,Low Risk
158,07-06-2022,92,33,4029.71,6,644.67,0.159979254,Low Risk
1,01-01-2022,48,26,5985.82,1,646.75,0.108047018,Low Risk
995,21-09-2024,94,39,4907.32,8,656.17,0.133712495,Low Risk
115,25-04-2022,4,50,13496.16,12,659.12,0.048837595,Low Risk
402,06-02-2023,85,3,8002.48,11,669.72,0.083689056,Low Risk
205,24-07-2022,86,10,14320.43,10,679.02,0.047416174,Low Risk
270,27-09-2022,25,29,1763.1,6,685.78,0.388962623,Low Risk
930,18-07-2024,50,19,2285.74,12,690.31,0.302007227,Low Risk
246,03-09-2022,22,26,10310.75,5,692.12,0.067126058,Low Risk
551,05-07-2023,24,28,6524.86,10,709.99,0.108813063,Low Risk
357,23-12-2022,48,12,3083.09,9,716.28,0.232325362,Low Risk
824,03-04-2024,83,23,2519.92,4,721.6,0.286358297,Low Risk
680,11-11-2023,54,50,9680.07,11,727.11,0.075114126,Low Risk
410,14-02-2023,33,8,4642,11,732.19,0.157731581,Low Risk
203,22-07-2022,74,16,3235.93,10,732.94,0.226500573,Low Risk
474,19-04-2023,85,41,3435.03,14,736.2,0.214321272,Low Risk
884,02-06-2024,52,30,2045.3,9,737.33,0.360499682,Low Risk
520,04-06-2023,22,30,3036.27,9,744.61,0.245238401,Low Risk
101,11-04-2022,16,6,11083.96,8,745.34,0.06724492,Low Risk
478,23-04-2023,11,11,4061.91,13,746.49,0.183778075,Low Risk
17,17-01-2022,69,30,14408.4,11,748.54,0.051951639,Low Risk
95,05-04-2022,10,23,3577.62,12,751.24,0.209983173,Low Risk
652,14-10-2023,92,2,4740.43,13,756.17,0.159515065,Low Risk
966,23-08-2024,20,26,3669.56,4,757.76,0.206498872,Low Risk
175,24-06-2022,59,47,9826.59,4,760.28,0.077369667,Low Risk
866,15-05-2024,53,41,4246.28,12,762.94,0.17967256,Low Risk
132,12-05-2022,42,17,3867.5,9,768.82,0.198789916,Low Risk
638,30-09-2023,49,28,3015.3,7,774.31,0.256793686,Low Risk
603,26-08-2023,88,22,7898.69,5,782.37,0.099050602,Low Risk
957,14-08-2024,57,41,2467.37,1,786.58,0.318792885,Low Risk
28,28-01-2022,64,43,3680.5,11,790.46,0.214769732,Low Risk
4,04-01-2022,68,43,5404.43,14,798.99,0.147839828,Low Risk
917,05-07-2024,8,32,5076.92,5,802.45,0.158058429,Low Risk
921,09-07-2024,92,44,8728.01,2,817.56,0.093670837,Low Risk
527,11-06-2023,6,11,3813.04,13,819.13,0.214823343,Low Risk
813,23-03-2024,50,38,2480.61,1,823.13,0.33182564,Low Risk
149,29-05-2022,77,9,8777.54,7,828.09,0.094341923,Low Risk
97,07-04-2022,68,23,10163.36,9,829.06,0.081573417,Low Risk
988,14-09-2024,11,25,2417.6,14,838,0.346624752,Low Risk
486,01-05-2023,86,37,5309.17,4,844.57,0.159077596,Low Risk
414,18-02-2023,42,10,11029.02,9,876.05,0.079431355,Low Risk
65,06-03-2022,97,17,4834.5,13,876.8,0.181363119,Low Risk
428,04-03-2023,60,42,11329.26,3,898.59,0.07931586,Low Risk
324,20-11-2022,55,18,7502.47,10,902.37,0.120276389,Low Risk
407,11-02-2023,58,39,4499.38,14,903.02,0.200698763,Low Risk
574,28-07-2023,46,47,4709.39,12,905.45,0.192264816,Low Risk
83,24-03-2022,3,26,12104.47,13,911.41,0.075295325,Low Risk
429,05-03-2023,80,36,14054.37,1,912.96,0.064959155,Low Risk
959,16-08-2024,2,39,3018.42,6,914.06,0.302827307,Low Risk
262,19-09-2022,51,34,4147.36,3,915.08,0.220641565,Low Risk
916,04-07-2024,97,21,2948.95,5,915.66,0.310503739,Low Risk
340,06-12-2022,87,17,10754.44,6,918.11,0.085370321,Low Risk
318,14-11-2022,43,9,4154.78,14,918.59,0.221092332,Low Risk
283,10-10-2022,44,18,13428.77,3,923.24,0.068750898,Low Risk
307,03-11-2022,22,16,2891.13,13,930.35,0.321794592,Low Risk
761,31-01-2024,55,4,2435.59,11,930.95,0.382227715,Low Risk
531,15-06-2023,90,35,10151.08,3,937,0.092305449,Low Risk
533,17-06-2023,90,13,2920,4,940.2,0.321986301,Low Risk
810,20-03-2024,52,49,2655.15,14,942.73,0.355057153,Low Risk
260,17-09-2022,93,39,4809.89,2,954.17,0.198376678,Low Risk
948,05-08-2024,72,7,4291.62,12,960.85,0.223889813,Low Risk
488,03-05-2023,89,34,2863.83,1,965.63,0.337181327,Low Risk
665,27-10-2023,82,40,6136.01,3,969.82,0.158053849,Low Risk
794,04-03-2024,6,27,7178.08,9,976.01,0.1359709,Low Risk
648,10-10-2023,56,6,7383.02,7,979.62,0.132685541,Low Risk
360,26-12-2022,73,16,5662.46,3,983.45,0.173678931,Low Risk
920,08-07-2024,31,44,5422.6,14,985.75,0.18178549,Low Risk
846,25-04-2024,79,14,8847.55,1,998.32,0.112835757,Low Risk
37,06-02-2022,57,13,6218.23,4,1006.45,0.16185474,Low Risk
869,18-05-2024,91,19,8687.49,5,1013.58,0.116671213,Low Risk
191,10-07-2022,46,12,5617.37,3,1014.4,0.180582728,Low Risk
223,11-08-2022,29,18,2680.77,8,1030.54,0.384419402,Low Risk
176,25-06-2022,42,24,5171.08,2,1032.72,0.199710699,Low Risk
5,05-01-2022,84,25,13037.64,4,1034.55,0.079351018,Low Risk
712,13-12-2023,5,1,3649.9,7,1043.44,0.285881805,Low Risk
714,15-12-2023,30,25,14892.77,11,1065.84,0.071567613,Low Risk
710,11-12-2023,17,11,7930.96,10,1074.26,0.135451446,Low Risk
15,15-01-2022,9,45,7122.66,7,1080.78,0.151738255,Low Risk
626,18-09-2023,80,21,6909.51,4,1080.92,0.156439458,Low Risk
860,09-05-2024,69,9,7403.93,6,1092.96,0.1476189,Low Risk
640,02-10-2023,39,18,9193.52,5,1095.93,0.119206789,Low Risk
789,28-02-2024,76,29,3632.48,2,1099.3,0.30263071,Low Risk
886,04-06-2024,83,30,20000,1,1101.08,0.055054,Low Risk
886,04-06-2024,83,30,7602.22,1,1101.08,0.14483664,Low Risk
388,23-01-2023,68,19,6308.07,4,1106.53,0.175414984,Low Risk
805,15-03-2024,85,19,3405.03,3,1132.45,0.332581504,Low Risk
302,29-10-2022,21,21,4614.52,4,1136.17,0.246216291,Low Risk
547,01-07-2023,34,29,5876.94,3,1140.54,0.194070384,Low Risk
244,01-09-2022,44,17,13896.08,8,1142.59,0.082223908,Low Risk
711,12-12-2023,3,5,4800.69,12,1147.48,0.239023974,Low Risk
482,27-04-2023,36,1,2919.4,7,1158.6,0.396862369,Low Risk
910,28-06-2024,73,41,7926.97,7,1165.66,0.147049882,Low Risk
69,10-03-2022,68,9,2963.35,3,1172.26,0.395586077,Low Risk
999,25-09-2024,45,33,8838.26,4,1178.7,0.133363354,Low Risk
44,13-02-2022,100,27,7329.37,10,1179.15,0.16088013,Low Risk
649,11-10-2023,42,10,4183.7,11,1184.59,0.283144107,Low Risk
384,19-01-2023,25,49,4729.16,4,1190.25,0.251683174,Low Risk
96,06-04-2022,77,37,6872.65,13,1193.72,0.173691371,Low Risk
454,30-03-2023,8,2,5422.46,2,1216.62,0.2243668,Low Risk
752,22-01-2024,61,17,7395.97,13,1218.67,0.164774871,Low Risk
163,12-06-2022,86,44,12828.57,11,1219.79,0.095083864,Low Risk
444,20-03-2023,35,3,3403.29,4,1228.71,0.361035939,Low Risk
186,05-07-2022,78,10,5647.63,3,1241.69,0.219860366,Low Risk
765,04-02-2024,5,29,7501.11,3,1242.27,0.165611489,Low Risk
855,04-05-2024,2,18,3730.23,12,1246.93,0.334276975,Low Risk
140,20-05-2022,7,43,13314.52,5,1247.09,0.09366391,Low Risk
124,04-05-2022,71,9,5912.03,10,1258.49,0.212869353,Low Risk
642,04-10-2023,95,30,8667.25,4,1265.04,0.14595633,Low Risk
616,08-09-2023,94,48,3417.16,10,1267.65,0.370965948,Low Risk
963,20-08-2024,91,31,8728.01,5,1268.73,0.145363032,Low Risk
838,17-04-2024,75,11,5314.06,4,1288.4,0.242451158,Low Risk
71,12-03-2022,98,16,8728.01,2,1292.23,0.148055513,Low Risk
406,10-02-2023,85,47,3277.06,8,1306.34,0.3986317,Low Risk
664,26-10-2023,46,3,8298.07,3,1308.08,0.157636655,Low Risk
424,28-02-2023,99,25,10719.47,13,1311.86,0.122381051,Low Risk
717,18-12-2023,25,1,6190.55,11,1326.75,0.214318599,Low Risk
515,30-05-2023,45,7,9331.18,13,1330.89,0.142628264,Low Risk
695,26-11-2023,54,14,5774.21,5,1331.72,0.230632416,Low Risk
219,07-08-2022,59,26,12227.87,10,1332.35,0.108960105,Low Risk
768,07-02-2024,66,21,11129.71,4,1343.83,0.120742589,Low Risk
675,06-11-2023,41,27,11248.63,12,1350.87,0.120091958,Low Risk
79,20-03-2022,74,42,7305.45,1,1366.62,0.187068558,Low Risk
375,10-01-2023,75,28,6565.74,4,1369.89,0.208642133,Low Risk
226,14-08-2022,90,39,5176.44,3,1370.86,0.264826792,Low Risk
793,03-03-2024,82,26,3448.32,12,1372.78,0.398101104,Low Risk
907,25-06-2024,92,18,5440.09,10,1373.11,0.252405751,Low Risk
11,11-01-2022,73,11,6138.41,9,1377.27,0.224369177,Low Risk
420,24-02-2023,42,32,3934.66,13,1417.97,0.360379296,Low Risk
528,12-06-2023,77,23,10885.21,9,1427.39,0.13113114,Low Risk
396,31-01-2023,55,31,12626.09,8,1428.87,0.113168051,Low Risk
294,21-10-2022,23,18,7352.64,3,1430.4,0.194542368,Low Risk
78,19-03-2022,58,34,12592.07,10,1438.62,0.114248094,Low Risk
412,16-02-2023,23,20,9036.37,1,1440.83,0.159447876,Low Risk
135,15-05-2022,65,39,10540.78,11,1452.9,0.137836099,Low Risk
181,30-06-2022,64,39,5462.39,4,1454.54,0.266282708,Low Risk
607,30-08-2023,28,9,4708.24,7,1464.92,0.311139619,Low Risk
653,15-10-2023,90,36,11479.42,7,1475.48,0.128532626,Low Risk
9,09-01-2022,15,11,13033.85,5,1493.6,0.114593923,Low Risk
320,16-11-2022,69,29,11618.88,5,1509.46,0.129914415,Low Risk
162,11-06-2022,98,25,4977.94,11,1511.01,0.303541224,Low Risk
716,17-12-2023,64,1,4963.51,3,1532.34,0.308721046,Low Risk
738,08-01-2024,75,20,4981.24,11,1532.73,0.307700492,Low Risk
951,08-08-2024,22,44,5062.08,11,1535.97,0.303426655,Low Risk
142,22-05-2022,60,20,4416.63,6,1538.44,0.34832893,Low Risk
826,05-04-2024,1,4,4355.13,1,1538.64,0.353293702,Low Risk
345,11-12-2022,21,21,9401.71,5,1540.19,0.163820199,Low Risk
565,19-07-2023,42,16,13176.8,12,1543.92,0.117169571,Low Risk
189,08-07-2022,96,40,7330.29,5,1547.62,0.211126708,Low Risk
62,03-03-2022,8,20,12876.95,7,1558.06,0.120996043,Low Risk
343,09-12-2022,36,23,5854.41,3,1569.32,0.268057755,Low Risk
976,02-09-2024,65,24,8728.01,13,1609.29,0.184382236,Low Risk
266,23-09-2022,63,2,7018.67,6,1611.74,0.229636099,Low Risk
401,05-02-2023,51,9,9587.88,14,1619.18,0.168877792,Low Risk
629,21-09-2023,14,40,14923.94,2,1619.54,0.1085196,Low Risk
398,02-02-2023,92,6,10575.32,4,1626.31,0.153783526,Low Risk
989,15-09-2024,47,38,11897.75,9,1640.27,0.137863882,Low Risk
954,11-08-2024,74,10,20000,8,1650.66,0.082533,Low Risk
288,15-10-2022,98,7,20000,7,1659.72,0.082986,Low Risk
389,24-01-2023,97,10,10632.68,2,1669.09,0.156977357,Low Risk
597,20-08-2023,56,44,6193.56,4,1674.11,0.270298504,Low Risk
82,23-03-2022,32,23,14495.49,4,1679.05,0.11583258,Low Risk
997,23-09-2024,46,6,8698.84,8,1691.13,0.19440868,Low Risk
741,11-01-2024,67,11,4721.35,8,1712.25,0.362661103,Low Risk
532,16-06-2023,53,17,6108.38,11,1717.5,0.281171112,Low Risk
355,21-12-2022,67,34,8560.68,9,1724.52,0.201446614,Low Risk
563,17-07-2023,78,29,7808.06,3,1736.97,0.222458588,Low Risk
949,06-08-2024,36,31,8122.56,10,1743.38,0.214634302,Low Risk
582,05-08-2023,48,50,10106.47,4,1746.97,0.172856596,Low Risk
273,30-09-2022,50,13,6925.28,12,1770.79,0.255699409,Low Risk
874,23-05-2024,40,32,8066.37,14,1783.45,0.221096974,Low Risk
698,29-11-2023,53,12,4841.45,14,1787.54,0.369215834,Low Risk
904,22-06-2024,72,23,7429.98,13,1789.94,0.240907782,Low Risk
758,28-01-2024,59,17,5384.45,6,1795.99,0.333551245,Low Risk
621,13-09-2023,31,43,11741.8,4,1801.12,0.153393858,Low Risk
862,11-05-2024,45,34,5596.74,14,1816.65,0.324590744,Low Risk
847,26-04-2024,38,10,12493.87,1,1830.14,0.146483035,Low Risk
200,19-07-2022,56,37,5247.63,1,1855.91,0.353666322,Low Risk
622,14-09-2023,78,19,7994.32,11,1859.54,0.232607651,Low Risk
690,21-11-2023,86,21,7346.58,2,1859.59,0.253123222,Low Risk
248,05-09-2022,12,22,8052.45,12,1866.87,0.231838757,Low Risk
691,22-11-2023,23,22,11475.67,11,1870.1,0.162962163,Low Risk
715,16-12-2023,78,39,12266.99,13,1894.12,0.154407887,Low Risk
39,08-02-2022,79,49,7673.78,8,1925.25,0.250886786,Low Risk
42,11-02-2022,10,36,5088.11,6,1937.56,0.380801516,Low Risk
875,24-05-2024,12,1,6101.39,5,1941.39,0.318188151,Low Risk
746,16-01-2024,25,8,14711.53,9,1964.08,0.133506168,Low Risk
788,27-02-2024,74,18,7345.24,14,1967.29,0.267831956,Low Risk
166,15-06-2022,93,49,14916.55,14,1970.62,0.132109637,Low Risk
126,06-05-2022,45,23,5972.37,6,1971,0.330019741,Low Risk
207,26-07-2022,2,17,14195.85,10,1972.07,0.138918769,Low Risk
961,18-08-2024,17,37,11957.42,4,1972.81,0.16498626,Low Risk
368,03-01-2023,46,30,10683.38,14,1981.59,0.185483433,Low Risk
315,11-11-2022,96,1,14433.47,11,1994.35,0.138175366,Low Risk
861,10-05-2024,46,36,13231.57,13,1997.94,0.150997954,Low Risk
98,08-04-2022,15,32,13514.71,6,2007.82,0.148565526,Low Risk
700,01-12-2023,9,2,5799.97,9,2009.27,0.346427654,Low Risk
397,01-02-2023,74,25,13496.29,5,2014.65,0.149274356,Low Risk
122,02-05-2022,55,3,20000,4,2028.9,0.101445,Low Risk
125,05-05-2022,22,8,6599.78,8,2051.66,0.310867938,Low Risk
586,09-08-2023,85,35,7299.4,10,2056.43,0.281725895,Low Risk
36,05-02-2022,35,50,5233.66,14,2068.4,0.395211,Low Risk
666,28-10-2023,56,42,8431.96,3,2068.46,0.245311885,Low Risk
332,28-11-2022,45,31,11606.22,8,2077.58,0.17900574,Low Risk
268,25-09-2022,84,28,9809.11,14,2081.31,0.212181329,Low Risk
49,18-02-2022,2,5,14554.16,1,2099.52,0.144255663,Low Risk
819,29-03-2024,44,12,7452.12,12,2124.86,0.285134968,Low Risk
594,17-08-2023,23,27,5847.34,6,2127.48,0.363837232,Low Risk
655,17-10-2023,67,5,12505.57,4,2151.62,0.172052933,Low Risk
321,17-11-2022,78,49,6512.43,12,2160.85,0.33180395,Low Risk
286,13-10-2022,27,30,11306.09,10,2162.7,0.191286289,Low Risk
337,03-12-2022,63,25,8177.39,9,2171.59,0.265560283,Low Risk
618,10-09-2023,96,28,5828.5,2,2185.97,0.375048469,Low Risk
471,16-04-2023,31,24,9569.33,12,2217.73,0.231753947,Low Risk
81,22-03-2022,82,31,8028.79,1,2233.88,0.278233706,Low Risk
212,31-07-2022,26,12,9122,1,2243.7,0.245965797,Low Risk
760,30-01-2024,6,24,10258.37,11,2250.66,0.219397429,Low Risk
931,19-07-2024,78,1,12946.88,4,2251.45,0.17389904,Low Risk
901,19-06-2024,9,5,12366.27,3,2263.15,0.183009913,Low Risk
275,02-10-2022,34,7,7915.77,3,2269.3,0.286680891,Low Risk
495,10-05-2023,23,6,7785.68,12,2310.79,0.296800023,Low Risk
815,25-03-2024,11,43,10900.62,13,2319.85,0.21281817,Low Risk
13,13-01-2022,43,49,7583.16,9,2320.59,0.306018863,Low Risk
77,18-03-2022,31,3,6674.66,4,2334.6,0.349770625,Low Risk
121,01-05-2022,9,15,8281.08,11,2353.42,0.2841924,Low Risk
279,06-10-2022,96,46,11729.32,5,2358.34,0.201063659,Low Risk
876,25-05-2024,98,38,12226.05,2,2360.7,0.19308771,Low Risk
851,30-04-2024,52,20,9374.55,4,2375.38,0.253386029,Low Risk
90,31-03-2022,59,11,7302.81,7,2409.96,0.330004478,Low Risk
669,31-10-2023,73,45,7029.67,10,2425.84,0.3450859,Low Risk
168,17-06-2022,52,30,7658.4,12,2429.9,0.317285595,Low Risk
514,29-05-2023,29,44,10720.19,8,2442.98,0.227885886,Low Risk
245,02-09-2022,6,33,12299.54,1,2467.84,0.200644902,Low Risk
411,15-02-2023,67,24,10996.07,14,2478.8,0.225425993,Low Risk
524,08-06-2023,8,37,7763.51,10,2488.76,0.320571494,Low Risk
20,20-01-2022,45,44,10209.17,2,2514.32,0.24628055,Low Risk
561,15-07-2023,32,5,10301.54,3,2521.96,0.244813882,Low Risk
671,02-11-2023,63,31,9330.86,14,2522.11,0.2702977,Low Risk
726,27-12-2023,28,20,20000,12,2530.61,0.1265305,Low Risk
103,13-04-2022,36,37,6937.89,10,2531.16,0.364831382,Low Risk
108,18-04-2022,91,3,14312.17,12,2532.42,0.176941722,Low Risk
967,24-08-2024,70,6,6965.82,7,2543.88,0.365194622,Low Risk
792,02-03-2024,64,27,10813.12,7,2551.04,0.235920807,Low Risk
346,12-12-2022,33,5,12482.61,4,2573.46,0.206163615,Low Risk
502,17-05-2023,9,4,20000,6,2575.12,0.128756,Low Risk
86,27-03-2022,19,44,13644.58,11,2575.95,0.188789248,Low Risk
888,06-06-2024,45,31,6943.02,3,2584.72,0.372276041,Low Risk
814,24-03-2024,55,8,6542.13,13,2589.35,0.39579617,Low Risk
727,28-12-2023,45,38,6967.54,13,2603.42,0.37364981,Low Risk
925,13-07-2024,65,47,8191.69,14,2615.12,0.319240596,Low Risk
41,10-02-2022,5,17,11311.79,11,2635.56,0.232992303,Low Risk
137,17-05-2022,87,48,8189.98,2,2638.54,0.322166843,Low Risk
512,27-05-2023,88,39,14069.11,1,2644.55,0.187968535,Low Risk
890,08-06-2024,75,31,7908.2,3,2644.82,0.334440201,Low Risk
447,23-03-2023,84,23,8767.28,4,2644.95,0.301684217,Low Risk
183,02-07-2022,17,27,7838.67,9,2648.08,0.337822615,Low Risk
634,26-09-2023,76,8,9847.34,6,2651.36,0.269246314,Low Risk
120,30-04-2022,30,47,10639.47,9,2654.99,0.249541566,Low Risk
735,05-01-2024,1,6,7265.45,3,2656.2,0.365593322,Low Risk
863,12-05-2024,31,27,12831.41,2,2660.45,0.207338866,Low Risk
32,01-02-2022,56,4,7880.25,12,2666.06,0.338321754,Low Risk
350,16-12-2022,85,7,12581.43,2,2689.31,0.213752332,Low Risk
261,18-09-2022,59,30,6839.65,5,2691.72,0.393546453,Low Risk
850,29-04-2024,28,10,13995.65,14,2707.16,0.193428672,Low Risk
144,24-05-2022,18,31,8728.01,2,2709.65,0.310454502,Low Risk
369,04-01-2023,51,27,9904.55,1,2721.22,0.274744436,Low Risk
757,27-01-2024,85,35,8619.47,3,2759.48,0.320144974,Low Risk
128,08-05-2022,8,14,10732.21,8,2764.26,0.257566708,Low Risk
577,31-07-2023,2,19,12031.31,13,2787.78,0.231710429,Low Risk
670,01-11-2023,78,35,13639.9,3,2803.68,0.205549894,Low Risk
34,03-02-2022,62,39,13121.18,11,2867.21,0.218517694,Low Risk
477,22-04-2023,18,9,8826.21,7,2885.73,0.326950073,Low Risk
546,30-06-2023,36,31,8525.9,3,2900.67,0.340218628,Low Risk
195,14-07-2022,46,32,12625.36,2,2913.11,0.230734807,Low Risk
109,19-04-2022,55,22,13803.55,8,2918.02,0.211396344,Low Risk
298,25-10-2022,13,20,8728.01,9,2930.23,0.335727159,Low Risk
705,06-12-2023,72,26,9422.07,9,2933.71,0.311365761,Low Risk
365,31-12-2022,22,2,7656.35,2,2981.36,0.389397036,Low Risk
678,09-11-2023,66,34,8304.55,4,2985.62,0.359516169,Low Risk
317,13-11-2022,17,1,7849.8,1,3023.41,0.385157584,Low Risk
12,12-01-2022,90,43,13660.54,12,3028.86,0.221723299,Low Risk
403,07-02-2023,67,25,8728.01,3,3052.69,0.349757849,Low Risk
776,15-02-2024,65,40,7986.55,10,3066.6,0.38397055,Low Risk
259,16-09-2022,8,49,9255.68,12,3074.7,0.332196014,Low Risk
722,23-12-2023,94,27,14422.76,9,3075.63,0.213248366,Low Risk
841,20-04-2024,65,37,8016.46,2,3109.58,0.387899397,Low Risk
656,18-10-2023,22,12,11935.94,8,3119.97,0.261392902,Low Risk
745,15-01-2024,53,37,10233.26,10,3122.49,0.305131503,Low Risk
596,19-08-2023,62,16,11002.18,5,3126.58,0.284178226,Low Risk
129,09-05-2022,82,14,9192.79,14,3128.03,0.340269929,Low Risk
610,02-09-2023,19,4,11840.33,14,3131.37,0.264466446,Low Risk
694,25-11-2023,87,27,11671.28,1,3134.19,0.268538669,Low Risk
252,09-09-2022,70,30,8235.68,10,3137.05,0.380909652,Low Risk
204,23-07-2022,14,12,12330.02,11,3138.14,0.254512158,Low Risk
632,24-09-2023,97,40,12304.04,6,3159.06,0.256749816,Low Risk
849,28-04-2024,15,48,8728.01,14,3172.87,0.36352731,Low Risk
728,29-12-2023,75,17,9761.44,5,3176.05,0.325366954,Low Risk
462,07-04-2023,5,32,14084.88,8,3193.81,0.226754506,Low Risk
940,28-07-2024,83,36,9693.12,10,3216.03,0.331784812,Low Risk
564,18-07-2023,93,42,10559.56,5,3222.27,0.305151919,Low Risk
998,24-09-2024,89,46,8611.36,7,3249.86,0.377392189,Low Risk
965,22-08-2024,67,32,12754.68,11,3261.09,0.255677916,Low Risk
339,05-12-2022,38,40,9179.19,6,3267.32,0.355948619,Low Risk
304,31-10-2022,50,41,10529.73,8,3298.99,0.31330243,Low Risk
456,01-04-2023,3,25,13182.04,1,3301.76,0.25047413,Low Risk
2,02-01-2022,69,32,13729.3,10,3314.79,0.241439112,Low Risk
992,18-09-2024,15,2,11854.43,11,3355.84,0.28308742,Low Risk
150,30-05-2022,93,46,13891.22,2,3370.02,0.242600722,Low Risk
829,08-04-2024,22,7,10529.89,6,3373.17,0.320342378,Low Risk
897,15-06-2024,46,50,9011.33,2,3421.04,0.379637634,Low Risk
393,28-01-2023,2,34,12552.79,12,3477.38,0.277020487,Low Risk
891,09-06-2024,49,11,14020.9,8,3479.76,0.248183783,Low Risk
425,01-03-2023,37,4,13665.61,1,3500.46,0.256151024,Low Risk
889,07-06-2024,75,46,9960.87,6,3525.87,0.353972093,Low Risk
313,09-11-2022,6,3,13990.66,11,3543.82,0.253298987,Low Risk
692,23-11-2023,74,22,13987.27,9,3568.06,0.255093381,Low Risk
430,06-03-2023,4,26,11536.33,13,3575.71,0.309952125,Low Risk
192,11-07-2022,41,36,14072.16,12,3580.4,0.254431445,Low Risk
801,11-03-2024,87,17,11382.43,12,3583.7,0.314844897,Low Risk
773,12-02-2024,9,33,14327.51,14,3645.56,0.254444771,Low Risk
878,27-05-2024,55,39,11248.41,5,3652.84,0.324742786,Low Risk
84,25-03-2022,84,42,12161.24,4,3683.17,0.302861386,Low Risk
843,22-04-2024,33,32,11803.45,4,3735.44,0.316470185,Low Risk
330,26-11-2022,94,48,12801.16,3,3745.2,0.292567236,Low Risk
569,23-07-2023,24,25,14005.01,11,3747.07,0.267552112,Low Risk
434,10-03-2023,15,7,12226.93,14,3750.46,0.306737668,Low Risk
928,16-07-2024,71,1,10809.04,13,3750.89,0.347014166,Low Risk
193,12-07-2022,92,47,10532.68,5,3770.66,0.357996255,Low Risk
703,04-12-2023,57,42,11737.26,2,3773.72,0.321516265,Low Risk
736,06-01-2024,46,14,12479.56,13,3817.88,0.305930658,Low Risk
25,25-01-2022,20,17,12992.76,5,3826.98,0.294547117,Low Risk
960,17-08-2024,21,9,13185.08,14,3842.1,0.291397549,Low Risk
94,04-04-2022,94,26,8728.01,2,3849.39,0.441038679,Low Risk
969,26-08-2024,67,46,14989.65,9,3854.22,0.257125417,Low Risk
479,24-04-2023,1,4,11575.42,9,3866.33,0.33401207,Low Risk
154,03-06-2022,74,32,11592.04,5,3879.96,0.33470899,Low Risk
557,11-07-2023,3,27,10695.06,6,3886.57,0.363398616,Low Risk
54,23-02-2022,45,4,10024.47,14,3903.11,0.38935824,Low Risk
282,09-10-2022,79,23,10543.46,3,4074.2,0.386419638,Low Risk
747,17-01-2024,3,45,11661.35,13,4100.32,0.351616237,Low Risk
395,30-01-2023,38,3,10393.06,6,4125.06,0.396905243,Low Risk
654,16-10-2023,64,6,14797.87,3,4165.02,0.281460778,Low Risk
950,07-08-2024,65,8,14008.45,14,4178.96,0.298317087,Low Risk
68,09-03-2022,98,20,11834.11,8,4185.9,0.353714813,Low Risk
55,24-02-2022,93,50,12613.36,14,4202.43,0.333172921,Low Risk
327,23-11-2022,56,8,11797.45,6,4208.59,0.356737261,Low Risk
173,22-06-2022,72,28,12386.26,8,4228.19,0.341361315,Low Risk
272,29-09-2022,8,2,11950.43,11,4300.58,0.359868222,Low Risk
659,21-10-2023,98,10,14925.51,9,4309.49,0.288733182,Low Risk
235,23-08-2022,83,42,13244.06,6,4347.21,0.328238471,Low Risk
693,24-11-2023,95,15,11875.61,14,4349.62,0.366264975,Low Risk
767,06-02-2024,9,50,8728.01,2,4360.35,0.499581233,Low Risk
284,11-10-2022,77,49,14328.8,9,4426.44,0.3089191,Low Risk
956,13-08-2024,46,29,14500.35,6,4442.45,0.306368467,Low Risk
358,24-12-2022,12,25,13362.99,9,4467.86,0.334345831,Low Risk
391,26-01-2023,82,10,13242.67,9,4499.59,0.339779667,Low Risk
419,23-02-2023,74,9,14911.56,8,4508.34,0.302338588,Low Risk
864,13-05-2024,81,35,11469.83,1,4529.39,0.394896001,Low Risk
446,22-03-2023,42,48,13305.56,10,4545.78,0.341645147,Low Risk
853,02-05-2024,82,34,12577.75,9,4636.29,0.368610443,Low Risk
366,01-01-2023,20,8,12100.34,11,4641.83,0.383611535,Low Risk
510,25-05-2023,47,8,14227.26,11,4645.29,0.326506298,Low Risk
526,10-06-2023,91,26,13760.69,9,4648.54,0.337813002,Low Risk
167,16-06-2022,57,34,14136.12,7,4732.97,0.334813938,Low Risk
371,06-01-2023,82,48,14334.08,5,4900.68,0.341890097,Low Risk
116,26-04-2022,30,8,13955.91,3,4907.24,0.351624509,Low Risk
619,11-09-2023,59,47,12790.53,11,4991.72,0.390266861,Low Risk
630,22-09-2023,97,27,8728.01,5,5022.63,0.575461073,Low Risk
522,06-06-2023,65,30,14115.41,10,5069.67,0.359158537,Low Risk
686,17-11-2023,77,37,14564.07,5,5165.47,0.354672149,Low Risk
285,12-10-2022,17,39,13276.47,14,5194.44,0.39125159,Low Risk
22,22-01-2022,76,9,14471.8,10,5202.15,0.359468069,Low Risk
385,20-01-2023,13,49,14179.42,5,5290.97,0.373144318,Low Risk
287,14-10-2022,97,33,13629.44,13,5325.65,0.390746061,Low Risk
770,09-02-2024,3,46,14665.79,6,5435.19,0.370603288,Low Risk
506,21-05-2023,17,16,14474.43,14,5674,0.392001619,Low Risk
667,29-10-2023,18,17,14927.12,12,5816.94,0.389689371,Low Risk
